M,K,N,SplitK,Sparsity,Kernel,Duration(ns),TFLOPS
8192,8192,8,7,50,SpInfer,2421163008.0,0.00044
8192,8192,8,7,50,cuBLAS_TC,2600133632.0,0.00041
8192,8192,8,7,50,Flash-LLM,2507492352.0,0.00043
